model_name,log_loss,ranked_prob_score_rps,brier_score,skill_vs_climatology,skill_vs_persistence,beats_persistence_proper
Ensemble (Calibrated Stacking),0.0011,0.0003,0.0006,0.999,0.995,True
Bayesian HMM,0.0408,0.0044,0.0165,0.969,0.806,True
Ensemble (Raw Stacking),0.0408,0.0044,0.0165,0.969,0.806,True
Persistence (Baseline 2),0.2102,0.0157,0.0707,0.839,0.0,False
Climatology (Baseline 1),1.3087,0.1518,0.7022,0.0,-5.226,False
Chronos Adapter,1.6135,0.1721,0.8018,-0.233,-6.675,False
Bayesian DL (MC Dropout),2.034,0.2402,0.9862,-0.554,-8.676,False
Frequentist HMM,18.7363,0.3522,1.7177,-13.316,-88.129,False
RS-VAR,6.4185,0.353,1.8173,-3.904,-29.533,False
