series_id,total_records,duplicate_count,missing_count,missing_percentage,is_date_strictly_monotonic,unexpected_gaps_count,impossible_values_count,stale_values_count,timezone_normalized,missing_value_action,rationale,status
NIFTY_50,3949,0,29,0.73,True,1,0,0,True,strict_drop,Real exchange quotes preserved without synthetic interpolation.,PASSED
NIFTY_MIDCAP_50,3949,0,53,1.34,True,1,0,0,True,strict_drop,Real exchange quotes preserved without synthetic interpolation.,PASSED
NIFTY_500,3949,0,17,0.43,True,1,0,0,True,strict_drop,Real exchange quotes preserved without synthetic interpolation.,PASSED
INDIA_VIX,3949,0,27,0.68,True,1,0,0,True,strict_drop,Real exchange quotes preserved without synthetic interpolation.,PASSED
USD_INR,4174,0,6,0.14,True,0,0,1,True,strict_drop,Real exchange quotes preserved without synthetic interpolation.,PASSED
NIFTY_BANK,3949,0,13,0.33,True,1,0,0,True,strict_drop,Real exchange quotes preserved without synthetic interpolation.,PASSED
NIFTY_IT,3949,0,13,0.33,True,1,0,0,True,strict_drop,Real exchange quotes preserved without synthetic interpolation.,PASSED
NIFTY_100,3949,0,17,0.43,True,1,0,0,True,strict_drop,Real exchange quotes preserved without synthetic interpolation.,PASSED
NIFTY_200,3949,0,13,0.33,True,1,0,0,True,strict_drop,Real exchange quotes preserved without synthetic interpolation.,PASSED
NIFTY_SMALLCAP_100,0,0,0,100.0,False,0,0,0,False,quarantined,HTTP 404 from Yahoo Finance,UNAVAILABLE
GILT_10Y,0,0,0,100.0,False,0,0,0,False,quarantined,Source attempted: https://data.rbi.org.in. Direct unauthenticated historical table extraction is unavailable on public tier. Reason: RBI open data portal requires authenticated session/token for historical yield API.. Quarantined from production inference.,UNAVAILABLE
AAA_GILT_SPREAD,0,0,0,100.0,False,0,0,0,False,quarantined,Source attempted: https://data.rbi.org.in. Direct unauthenticated historical table extraction is unavailable on public tier. Reason: RBI open data portal requires authenticated session/token for historical yield API.. Quarantined from production inference.,UNAVAILABLE
FII_EQUITY_FLOW,0,0,0,100.0,False,0,0,0,False,quarantined,"Source attempted: https://www.fpi.nsdl.co.in. Bulk unauthenticated extraction blocked by session/CAPTCHA requirement. Reason: Connection to NSDL/SEBI failed: ('Connection aborted.', RemoteDisconnected('Remote end closed connection without response')). Series marked as requires_verification.",UNAVAILABLE
DII_EQUITY_FLOW,0,0,0,100.0,False,0,0,0,False,quarantined,"Source attempted: https://www.fpi.nsdl.co.in. Bulk unauthenticated extraction blocked by session/CAPTCHA requirement. Reason: Connection to NSDL/SEBI failed: ('Connection aborted.', RemoteDisconnected('Remote end closed connection without response')). Series marked as requires_verification.",UNAVAILABLE
SIP_MONTHLY_TOTAL,0,0,0,100.0,False,0,0,0,False,quarantined,Source attempted: https://www.amfiindia.com. Automatic scraping prevented by bot mitigation / TLS checks. Reason: AMFI portal blocks automated scrapers via Cloudflare / TLS fingerprinting.. Requires manual point-in-time press release audit before production integration.,UNAVAILABLE
