feature,adf_stat,p_value,crit_5pct,is_stationary,status
nifty_ret_1d,-17.0769,0.0,-2.8623,True,STATIONARY
nifty_ret_5d,-10.2149,0.0,-2.8623,True,STATIONARY
nifty_ret_21d,-9.2961,0.0,-2.8623,True,STATIONARY
nifty_vol_ewma_21d,-6.026,0.0,-2.8623,True,STATIONARY
nifty_vol_realized_21d,-6.4912,0.0,-2.8623,True,STATIONARY
nifty_vol_parkinson_21d,-6.3744,0.0,-2.8623,True,STATIONARY
nifty_dist_sma200,-2.8288,0.054273,-2.8623,False,NON_STATIONARY
nifty_dist_sma50,-7.3745,0.0,-2.8623,True,STATIONARY
nifty_rsi_14,-11.9145,0.0,-2.8623,True,STATIONARY
vix_level,-5.519,2e-06,-2.8623,True,STATIONARY
vix_ret_5d,-12.1486,0.0,-2.8623,True,STATIONARY
usdinr_ret_21d,-8.6396,0.0,-2.8623,True,STATIONARY
breadth_midcap_ret_21d,-8.2572,0.0,-2.8623,True,STATIONARY
breadth_midcap_ratio,-0.4668,0.898342,-2.8623,False,NON_STATIONARY
breadth_broad_ret_21d,-8.5562,0.0,-2.8623,True,STATIONARY
sector_bank_it_divergence_21d,-8.9741,0.0,-2.8623,True,STATIONARY
tda_persistence_entropy_h0,-6.8579,0.0,-2.8623,True,STATIONARY
tda_wasserstein_amplitude_h0,-5.3157,5e-06,-2.8623,True,STATIONARY
tda_max_persistence_h1,-7.7394,0.0,-2.8623,True,STATIONARY
tda_persistence_entropy_h1,-9.3815,0.0,-2.8623,True,STATIONARY
tda_landscape_norm_h1,-6.5798,0.0,-2.8623,True,STATIONARY
gnn_spectral_radius,-4.2898,0.000463,-2.8623,True,STATIONARY
gnn_algebraic_connectivity,-3.5132,0.007655,-2.8623,True,STATIONARY
gnn_graph_entropy,-4.5536,0.000157,-2.8623,True,STATIONARY
gnn_bank_centrality,-4.1513,0.000796,-2.8623,True,STATIONARY
gnn_it_centrality,-3.8505,0.002431,-2.8623,True,STATIONARY
gnn_embed_0,-9.2876,0.0,-2.8623,True,STATIONARY
gnn_embed_1,-6.6044,0.0,-2.8623,True,STATIONARY
gnn_embed_2,-6.0527,0.0,-2.8623,True,STATIONARY
gnn_embed_3,-6.6637,0.0,-2.8623,True,STATIONARY
