feature,vif,collinear_warning
gnn_it_centrality,203.51,True
gnn_algebraic_connectivity,189.76,True
gnn_embed_1,54.38,True
tda_max_persistence_h1,34.61,True
gnn_spectral_radius,31.47,True
gnn_embed_2,29.11,True
nifty_vol_ewma_21d,24.27,True
tda_landscape_norm_h1,22.33,True
gnn_graph_entropy,21.14,True
gnn_embed_3,18.09,True
nifty_vol_realized_21d,14.06,True
gnn_bank_centrality,10.18,True
tda_persistence_entropy_h0,7.09,False
vix_level,5.84,False
nifty_vol_parkinson_21d,5.73,False
nifty_rsi_14,5.34,False
nifty_ret_21d,4.85,False
breadth_midcap_ret_21d,4.07,False
breadth_broad_ret_21d,3.59,False
nifty_dist_sma50,3.52,False
tda_persistence_entropy_h1,3.37,False
tda_wasserstein_amplitude_h0,2.81,False
nifty_ret_5d,2.72,False
gnn_embed_0,2.62,False
breadth_midcap_ratio,2.44,False
nifty_dist_sma200,1.91,False
vix_ret_5d,1.77,False
usdinr_ret_21d,1.57,False
sector_bank_it_divergence_21d,1.44,False
nifty_ret_1d,1.32,False
