model_name,log_loss,brier_score,ranked_prob_score_rps,skill_vs_climatology_log_loss,skill_vs_persistence_log_loss,skill_vs_climatology_brier,skill_vs_persistence_brier,skill_vs_climatology_rps,skill_vs_persistence_rps,beats_persistence_log_loss,beats_persistence_brier,beats_persistence_rps
Deep Ensemble,1.2847,0.7065,0.2027,0.0191,0.3268,0.0114,-0.0121,-0.0105,-0.2856,True,False,False
Variational BNN,1.3008,0.7112,0.2033,0.0069,0.3184,0.0049,-0.0188,-0.0134,-0.2893,True,False,False
Climatology (Baseline 1),1.3097,0.7147,0.2006,0.0,0.3137,0.0,-0.0238,0.0,-0.2722,True,False,False
Ensemble (Calibrated Stacking),1.3201,0.7111,0.2044,-0.0079,0.3082,0.005,-0.0187,-0.019,-0.2964,True,False,False
Ensemble (Raw Stacking),1.3205,0.7121,0.205,-0.0082,0.308,0.0036,-0.0201,-0.0222,-0.3005,True,False,False
Chronos Probe,1.6391,0.8124,0.2112,-0.2514,0.1411,-0.1366,-0.1637,-0.053,-0.3396,True,False,False
Persistence (Baseline 2),1.9083,0.6981,0.1577,-0.457,0.0,0.0233,0.0,0.214,0.0,False,False,False
Bayesian HMM (Gibbs),10.6497,1.5873,0.3554,-7.1312,-4.5807,-1.2209,-1.2739,-0.7718,-1.2542,False,False,False
TimesFM Adapter,11.2983,0.9509,0.2341,-7.6264,-4.9206,-0.3304,-0.3622,-0.1669,-0.4846,False,False,False
RS-VAR,11.3423,1.6706,0.3299,-7.66,-4.9437,-1.3375,-1.3932,-0.6446,-1.0924,False,False,False
Frequentist HMM,18.4219,1.6442,0.3826,-13.0653,-8.6535,-1.3006,-1.3554,-0.9073,-1.4266,False,False,False
