,mean,sd,eti89_lb,eti89_ub,ess_bulk,ess_tail,r_hat,mcse_mean,mcse_sd
mu[0],0.0013768690685138124,0.009050083690141073,-0.01134844427185123,0.014584962877097509,3431.3547105868656,3901.0013107008162,1.0009885509479692,0.00017087842368423078,0.0003128932746563973
mu[1],0.0012876354644063735,0.00905619307448052,-0.011388771820986797,0.014068246309219039,3507.504940790319,4034.0952886003583,1.0003202323602347,0.00018066721109520105,0.00037262418014660206
mu[2],0.0012267143087377641,0.009069729471387365,-0.011224740597432916,0.013497512449324262,2876.0322753766623,3483.684778179721,1.0020817218004023,0.00021090351328328967,0.0005922811989746359
mu[3],0.0011635670564446232,0.009529577226398495,-0.011544843063400246,0.014792601685718455,2875.4283899220336,3104.1541380078374,1.0023173753914951,0.00021466313762630976,0.0005550530577963587
mu[4],0.0016142954710042243,0.009529373517862741,-0.011048305711651442,0.014687661720394386,3592.7534229977323,4147.525083591507,1.0005382282308548,0.00025215718034023307,0.0009709832263653375
sigma[0],0.010810149773050174,0.006599460101731543,0.004499115294232967,0.01871036017253708,3291.7923770526536,3867.842003298485,1.0010402898026904,0.00012428539536214544,0.00042709394995799136
sigma[1],0.010965888965592963,0.0065185976186281445,0.004866079212101843,0.019065830421073033,3547.699946736702,3404.8745434520133,1.000124816532356,0.0001351456398894687,0.0004245883202707601
sigma[2],0.010924661190794353,0.00649541876499624,0.0048457317505015566,0.018784269023739468,3862.500719177769,3693.6478941611235,1.001600686163691,0.00013885648925442468,0.0005081811461303268
sigma[3],0.011084740228633183,0.006857496935996447,0.004830974610762879,0.01920005231836747,3620.526087965788,3931.6242264250827,1.0010357880758456,0.00012463974598490572,0.00040989044333946875
sigma[4],0.01089846320022982,0.006238512547317631,0.004857068587571457,0.018608155546409714,4042.7125156271973,4368.122313405508,1.0014419579788718,0.0001509814073123331,0.0005982712510491291
stationary_weights[0],0.19683558243136326,0.14371619254541274,0.022440485849875322,0.4676960210814159,4088.591501183326,2955.564125769446,1.0003393729126515,0.001960998534557234,0.0015886233045617946
stationary_weights[1],0.1992638308054548,0.14570251838044193,0.022969644566807005,0.47495814566985345,3296.98060844457,2476.7566495642686,1.0002014945427742,0.0021205912520810906,0.0016456280915507716
stationary_weights[2],0.2039534780388862,0.14692554224301338,0.02440971489617147,0.47745357215950934,3711.2723990392205,2802.9745807970658,1.000999966885056,0.0019996797514721886,0.0016254096305353858
stationary_weights[3],0.19662613594556852,0.14544933072390398,0.021163534792630917,0.47489072553193223,3553.7785572478206,2532.430200746764,1.000086687254772,0.001999628312210489,0.001555822288392822
stationary_weights[4],0.20332097277872718,0.14770493692446846,0.023819581442190426,0.47932269434647873,4571.5896355399855,3643.3629062914983,1.0006272170878527,0.0018409036725460734,0.0015001697335082186
